id,product,amc,scheme,source_type,title,url,source_date,verified_on,use_in_rag
1,Groww,HDFC Asset Management Company Limited,HDFC Flexi Cap Fund,Scheme Page,HDFC Flexi Cap Fund,https://www.hdfcfund.com/explore/mutual-funds/hdfc-flexi-cap-fund/direct,Live/current page,2026-09-24,"Core facts: expense ratio, minimum SIP, riskometer, benchmark, exit load, scheme FAQs"
2,Groww,HDFC Asset Management Company Limited,HDFC Flexi Cap Fund,SID,"SID - HDFC Flexi Cap Fund dated November 21, 2025","https://files.hdfcfund.com/s3fs-public/SID/2025-11/SID%20-%20HDFC%20Flexi%20Cap%20Fund%20dated%20November%2021,%202025_0.pdf",2025-11-21,2026-09-24,"Scheme details, benchmark, load structure, minimum application and other formal disclosures"
3,Groww,HDFC Asset Management Company Limited,HDFC Flexi Cap Fund,KIM,"KIM - HDFC Flexi Cap Fund dated November 21, 2025","https://files.hdfcfund.com/s3fs-public/KIM/2025-11/KIM%20-%20HDFC%20Flexi%20Cap%20Fund%20dated%20November%2021,%202025_1.pdf",2025-11-21,2026-09-24,Concise key scheme information and charges
4,Groww,HDFC Asset Management Company Limited,HDFC Flexi Cap Fund,Factsheet,Fund Facts - HDFC Flexi Cap Fund - August 2026,https://files.hdfcfund.com/s3fs-public/Others/2026-09/Fund%20Facts%20-%20HDFC%20Flexi%20Cap%20Fund_August%2026.pdf,2026-08,2026-09-24,Latest verified monthly factsheet found
5,Groww,HDFC Asset Management Company Limited,HDFC Large Cap Fund,Scheme Page,HDFC Large Cap Fund,https://www.hdfcfund.com/explore/mutual-funds/hdfc-large-cap-fund/regular,Live/current page,2026-09-24,"Core facts: riskometer, benchmark, exit load, investment minimums, scheme information"
6,Groww,HDFC Asset Management Company Limited,HDFC Large Cap Fund,SID,"SID - HDFC Large Cap Fund dated November 21, 2025","https://files.hdfcfund.com/s3fs-public/SID/2025-11/SID%20-%20HDFC%20Large%20Cap%20Fund%20dated%20November%2021,%202025_0.pdf",2025-11-21,2026-09-24,"Scheme details, benchmark, load structure, minimum application and other formal disclosures"
7,Groww,HDFC Asset Management Company Limited,HDFC Large Cap Fund,KIM,"KIM - HDFC Large Cap Fund dated November 21, 2025","https://files.hdfcfund.com/s3fs-public/KIM/2025-11/KIM%20-%20HDFC%20Large%20Cap%20Fund%20dated%20November%2021,%202025_0.pdf",2025-11-21,2026-09-24,Concise key scheme information and charges
8,Groww,HDFC Asset Management Company Limited,HDFC Large Cap Fund,Factsheet,Fund Facts - HDFC Large Cap Fund - August 2026,https://files.hdfcfund.com/s3fs-public/Others/2026-09/Fund%20Facts%20-%20HDFC%20Large%20Cap%20Fund_August%2026.pdf,2026-08,2026-09-24,Latest verified monthly factsheet found
9,Groww,HDFC Asset Management Company Limited,HDFC Mid Cap Fund,Scheme Page,HDFC Mid Cap Fund,https://www.hdfcfund.com/explore/mutual-funds/hdfc-mid-cap-fund/regular,Live/current page,2026-09-24,"Core facts: minimum SIP, benchmark, riskometer, exit load, scheme FAQs"
10,Groww,HDFC Asset Management Company Limited,HDFC Mid Cap Fund,SID,"SID - HDFC Mid Cap Fund dated November 21, 2025","https://files.hdfcfund.com/s3fs-public/SID/2025-11/SID%20-%20HDFC%20Mid%20Cap%20Fund%20dated%20November%2021,%202025_1.pdf",2025-11-21,2026-09-24,"Scheme details, benchmark, load structure, minimum application and other formal disclosures"
11,Groww,HDFC Asset Management Company Limited,HDFC Mid Cap Fund,KIM,"KIM - HDFC Mid Cap Fund dated November 21, 2025","https://files.hdfcfund.com/s3fs-public/KIM/2025-11/KIM%20-%20HDFC%20Mid%20Cap%20Fund%20dated%20November%2021,%202025_1.pdf",2025-11-21,2026-09-24,Concise key scheme information and charges
12,Groww,HDFC Asset Management Company Limited,HDFC Mid Cap Fund,Factsheet,Fund Facts - HDFC Mid-Cap Fund - August 2026,https://files.hdfcfund.com/s3fs-public/Others/2026-09/Fund%20Facts%20-%20HDFC%20Mid-Cap%20Fund_August%2026.pdf,2026-08,2026-09-24,Latest verified monthly factsheet found
13,Groww,HDFC Asset Management Company Limited,HDFC ELSS - Tax Saver Fund,Scheme Page,HDFC ELSS - Tax Saver Fund,https://www.hdfcfund.com/explore/mutual-funds/hdfc-elss-tax-saver-fund/regular,Live/current page,2026-09-24,"Core facts: lock-in, minimum application, benchmark, riskometer, exit load, scheme FAQs"
14,Groww,HDFC Asset Management Company Limited,HDFC ELSS - Tax Saver Fund,SID,"SID - HDFC ELSS Tax Saver dated November 21, 2025","https://files.hdfcfund.com/s3fs-public/SID/2025-11/SID%20-%20HDFC%20ELSS%20Tax%20Saver%20dated%20November%2021,%202025.pdf",2025-11-21,2026-09-24,"Scheme details, lock-in, benchmark, load structure and other formal disclosures"
15,Groww,HDFC Asset Management Company Limited,HDFC ELSS - Tax Saver Fund,KIM,"KIM - HDFC ELSS Tax Saver dated November 21, 2025","https://files.hdfcfund.com/s3fs-public/KIM/2025-11/KIM%20-%20HDFC%20ELSS%20Tax%20Saver%20dated%20November%2021,%202025_0.pdf",2025-11-21,2026-09-24,Concise key scheme information and charges
16,Groww,HDFC Asset Management Company Limited,HDFC ELSS - Tax Saver Fund,Factsheet,Fund Facts - HDFC TaxSaver Fund - July 2026,https://files.hdfcfund.com/s3fs-public/Others/2026-07/Fund%20Facts%20-%20HDFC%20TaxSaver%20Fund_July%2026.pdf,2026-07,2026-09-24,Latest scheme-specific factsheet surfaced on the official scheme page at verification time
17,Groww,HDFC Asset Management Company Limited,General,Factsheets Index,HDFC Mutual Fund Factsheets,https://www.hdfcfund.com/mutual-funds/factsheets,Live/current page,2026-09-24,Official monthly factsheet index; confirms August 2026 latest HDFC MF factsheet publication
18,Groww,HDFC Asset Management Company Limited,General,Account Statement / Download Statement,Download Consolidated Account Statement,https://www.hdfcfund.com/services/consolidated-account-statement,Live/current page,2026-09-24,Supports factual FAQ on account statement download and related process
19,Groww,HDFC Asset Management Company Limited,General,Investor FAQs,Frequently Asked Questions for Investors,https://www.hdfcfund.com/services/faqs,Live/current page,2026-09-24,"General HDFC MF factual FAQ source, including statement, redemption, KYC and transaction topics"
20,Groww,HDFC Asset Management Company Limited,General,TER Report,Total Expense Ratio of Mutual Fund Schemes,https://www.hdfcfund.com/statutory-disclosure/total-expense-ratio-of-mutual-fund-schemes/reports,Live/current page,2026-09-24,Official TER report source for current expense-ratio facts
21,Groww,HDFC Asset Management Company Limited,General,SEBI SID Registry,SEBI Scheme Information Document (SID) registry,https://sebi.gov.in/sebiweb/other/OtherAction.do?doMutualFund=yes&mftype=2,Live/current page,2026-09-24,Regulator-hosted SID registry; HDFC Mutual Fund is listed
22,Groww,HDFC Asset Management Company Limited,General,AMFI NAV Download,AMFI Latest NAV / NAV History,https://www.amfiindia.com/net-asset-value/nav-download,Live/current page,2026-09-24,Official AMFI source for NAV facts if the assistant needs to answer current NAV questions
